1;Containers;Lifting Basket;https://tcc-catalog-images.s3.us-east-2.amazonaws.com/1_1.png;https://tcc-catalog-images.s3.us-east-2.amazonaws.com/1_2.png;https://tcc-catalog-images.s3.us-east-2.amazonaws.com/1_3.jpg;https://tcc-catalog-images.s3.us-east-2.amazonaws.com/1_4.jpg;Only empty baskets should be tagged as accessories backet. if the basket is full then it should be tagged with the actual load;
2;Lifting Accessories;Lifting Fork;https://tcc-catalog-images.s3.us-east-2.amazonaws.com/2_1.jpg;https://tcc-catalog-images.s3.us-east-2.amazonaws.com/2_2.jpg;https://tcc-catalog-images.s3.us-east-2.amazonaws.com/2_3.jpg;https://tcc-catalog-images.s3.us-east-2.amazonaws.com/2_4.jpg;;	
3;Operational Equipment;Test Weight;https://tcc-catalog-images.s3.us-east-2.amazonaws.com/3_1.jpg;https://tcc-catalog-images.s3.us-east-2.amazonaws.com/3_2.jpg;null;null;;null	
4;General;Wood Pallet;https://tcc-catalog-images.s3.us-east-2.amazonaws.com/4_1.jpg;https://tcc-catalog-images.s3.us-east-2.amazonaws.com/4_2.jpg;https://tcc-catalog-images.s3.us-east-2.amazonaws.com/4_3.jpg;https://tcc-catalog-images.s3.us-east-2.amazonaws.com/4_4.jpg;These are not buiding materials. They are used as a base for packaging other equipment or material;null	
5;Concrete;Concrete Mix;https://tcc-catalog-images.s3.us-east-2.amazonaws.com/5_1.jpg;https://tcc-catalog-images.s3.us-east-2.amazonaws.com/5_2.jpg;https://tcc-catalog-images.s3.us-east-2.amazonaws.com/5_3.jpg;https://tcc-catalog-images.s3.us-east-2.amazonaws.com/5_4.jpg;Only full buckets should be tagged as concrete mix;null	
6;MEP;Electrical Conduit;https://tcc-catalog-images.s3.us-east-2.amazonaws.com/6_1.jpg;https://tcc-catalog-images.s3.us-east-2.amazonaws.com/6_2.png;https://tcc-catalog-images.s3.us-east-2.amazonaws.com/6_3.jpg;https://tcc-catalog-images.s3.us-east-2.amazonaws.com/6_4.jpg;Can come in different colors. Do not mix with prestressing tendons. The conduits package diameter is mach smaller than the tendonsIn project Uranus, conduits were often picked with other loads so these cycles were tagged as mixed load types (see example image #3). Retroactively tag these cycles as conduits, along with any other load type that is visible.;null	
7;Cast-in-place Peripherals;Oil barrel;;;https://tcc-catalog-images.s3.us-east-2.amazonaws.com/7_3.png;https://tcc-catalog-images.s3.us-east-2.amazonaws.com/7_4.jpg;;	
8;Garbage;Material Waste;https://tcc-catalog-images.s3.us-east-2.amazonaws.com/8_1.jpg;https://tcc-catalog-images.s3.us-east-2.amazonaws.com/8_2.jpg;https://tcc-catalog-images.s3.us-east-2.amazonaws.com/8_3.jpg;https://tcc-catalog-images.s3.us-east-2.amazonaws.com/8_4.jpg;;null	
9;Bricks & Blocks;Autoclaved Aerated Concrete;https://tcc-catalog-images.s3.us-east-2.amazonaws.com/9_1.jpg;https://tcc-catalog-images.s3.us-east-2.amazonaws.com/9_2.jpg;https://tcc-catalog-images.s3.us-east-2.amazonaws.com/9_3.jpg;https://tcc-catalog-images.s3.us-east-2.amazonaws.com/9_4.jpg;From the crane view it is very similar to gypsum block but usually these blocks are thicker;	
10;General Finishing Materials;Bomb Shelter Window;https://tcc-catalog-images.s3.us-east-2.amazonaws.com/10_1.jpg;https://tcc-catalog-images.s3.us-east-2.amazonaws.com/10_2.jpg;https://tcc-catalog-images.s3.us-east-2.amazonaws.com/10_3.jpg;https://tcc-catalog-images.s3.us-east-2.amazonaws.com/10_4.jpg;;null	
11;General Finishing Materials;Fireproofing;null;null;https://tcc-catalog-images.s3.us-east-2.amazonaws.com/11_3.jpg;https://tcc-catalog-images.s3.us-east-2.amazonaws.com/11_4.jpg;;null	
12;Reinforcement;Curtain/Mat;https://tcc-catalog-images.s3.us-east-2.amazonaws.com/12_1.jpg;https://tcc-catalog-images.s3.us-east-2.amazonaws.com/12_2.jpg;https://tcc-catalog-images.s3.us-east-2.amazonaws.com/12_3.jpg;https://tcc-catalog-images.s3.us-east-2.amazonaws.com/12_4.jpg;;https://en.wikipedia.org/wiki/Welded_wire_mesh	
14;Reinforcement;Stirrup;https://tcc-catalog-images.s3.us-east-2.amazonaws.com/14_1.jpg;https://tcc-catalog-images.s3.us-east-2.amazonaws.com/14_2.jpg;https://tcc-catalog-images.s3.us-east-2.amazonaws.com/14_3.png;https://tcc-catalog-images.s3.us-east-2.amazonaws.com/14_4.jpg;;	
15;Reinforcement;Straight Rebar;https://tcc-catalog-images.s3.us-east-2.amazonaws.com/15_1.jpg;https://tcc-catalog-images.s3.us-east-2.amazonaws.com/15_2.jpg;https://tcc-catalog-images.s3.us-east-2.amazonaws.com/15_3.jpg;https://tcc-catalog-images.s3.us-east-2.amazonaws.com/15_4.png;Usually the length is 6 ro 12 meters;https://en.wikipedia.org/wiki/Rebar	
16;Cast-in-place Peripherals;Slab Spacer (Steel);null;https://tcc-catalog-images.s3.us-east-2.amazonaws.com/16_2.jpg;https://tcc-catalog-images.s3.us-east-2.amazonaws.com/16_3.jpg;https://tcc-catalog-images.s3.us-east-2.amazonaws.com/16_4.jpg;;null	
18;Raw Materials;Soil / Earth;https://tcc-catalog-images.s3.us-east-2.amazonaws.com/18_1.jpg;https://tcc-catalog-images.s3.us-east-2.amazonaws.com/18_2.jpg;https://tcc-catalog-images.s3.us-east-2.amazonaws.com/18_3.jpg;https://tcc-catalog-images.s3.us-east-2.amazonaws.com/18_4.jpg;Sand is usually yellow and Soil/Earth is brown. Sand is usually used as substrate for tiling and soil/earth are for landscaping and gardens.;null	
19;MEP;Sprinklers Pipe;https://tcc-catalog-images.s3.us-east-2.amazonaws.com/19_1.jpg;https://tcc-catalog-images.s3.us-east-2.amazonaws.com/19_2.jpg;https://tcc-catalog-images.s3.us-east-2.amazonaws.com/19_3.jpg;https://tcc-catalog-images.s3.us-east-2.amazonaws.com/19_4.jpg;Usually will be red steel pipes but not necessarily.;null	
20;General Finishing Materials;Tile;https://tcc-catalog-images.s3.us-east-2.amazonaws.com/20_1.jpg;https://tcc-catalog-images.s3.us-east-2.amazonaws.com/20_2.jpg;https://tcc-catalog-images.s3.us-east-2.amazonaws.com/20_3.jpg;https://tcc-catalog-images.s3.us-east-2.amazonaws.com/20_4.jpg;;null	
22;Formwork;Formwork Table;https://tcc-catalog-images.s3.us-east-2.amazonaws.com/22_1.jpg;https://tcc-catalog-images.s3.us-east-2.amazonaws.com/22_2.jpg;https://tcc-catalog-images.s3.us-east-2.amazonaws.com/22_3.jpg;https://tcc-catalog-images.s3.us-east-2.amazonaws.com/22_4.jpg;Flat platform serve as slab/balcony formwork. If the table is below poured slab or balcony a lift fork will be used to strip it.;null	
23;Formwork;Formwork Box;https://tcc-catalog-images.s3.us-east-2.amazonaws.com/23_1.jpg;https://tcc-catalog-images.s3.us-east-2.amazonaws.com/23_2.jpg;https://tcc-catalog-images.s3.us-east-2.amazonaws.com/23_3.jpg;https://tcc-catalog-images.s3.us-east-2.amazonaws.com/23_4.jpg;Usually the box has 4 sides but in some cases it might have only 3. When lifting a formwork box all 4 chains are visible and connected. The plywood is on the external side of the box;	
24;Formwork;Wall Formwork;https://tcc-catalog-images.s3.us-east-2.amazonaws.com/24_1.jpg;https://tcc-catalog-images.s3.us-east-2.amazonaws.com/24_2.jpg;https://tcc-catalog-images.s3.us-east-2.amazonaws.com/24_3.jpg;https://tcc-catalog-images.s3.us-east-2.amazonaws.com/24_4.jpg;Please not that wall formwork can be straight or L shaped. in some cases it will have more then 2 planes but still as a linear element (different then formwork box);https://en.wikipedia.org/wiki/Formwork	
25;Formwork;Formwork Negative;https://tcc-catalog-images.s3.us-east-2.amazonaws.com/25_1.jpg;https://tcc-catalog-images.s3.us-east-2.amazonaws.com/25_2.jpg;;;;	
26;Scaffolding;Loading Platform;https://tcc-catalog-images.s3.us-east-2.amazonaws.com/26_1.jpg;https://tcc-catalog-images.s3.us-east-2.amazonaws.com/26_2.jpg;https://tcc-catalog-images.s3.us-east-2.amazonaws.com/26_3.jpg;https://tcc-catalog-images.s3.us-east-2.amazonaws.com/26_4.jpg;Do not confuse with formwork table;	
27;Scaffolding;Safety Platform;https://tcc-catalog-images.s3.us-east-2.amazonaws.com/27_1.jpg;https://tcc-catalog-images.s3.us-east-2.amazonaws.com/27_2.jpg;https://tcc-catalog-images.s3.us-east-2.amazonaws.com/27_3.jpg;https://tcc-catalog-images.s3.us-east-2.amazonaws.com/27_4.jpg;When lifting a thi load all 4 chains are visible and connected;null	
28;Operational Equipment;Plaster Machine;null;null;https://tcc-catalog-images.s3.us-east-2.amazonaws.com/28_3.jpg;https://tcc-catalog-images.s3.us-east-2.amazonaws.com/28_4.jpg;;null	
29;Operational Equipment;Material Support Scaffolding;https://tcc-catalog-images.s3.us-east-2.amazonaws.com/250_1.JPG;null;https://tcc-catalog-images.s3.us-east-2.amazonaws.com/29_3.jpg;https://tcc-catalog-images.s3.us-east-2.amazonaws.com/29_4.jpg;Used to hold rebar, plaster, etc. off of the floor.;null	
30;Scaffolding;Shaft Scaffolding;https://tcc-catalog-images.s3.us-east-2.amazonaws.com/30_1.jpg;https://tcc-catalog-images.s3.us-east-2.amazonaws.com/30_2.jpg;https://tcc-catalog-images.s3.us-east-2.amazonaws.com/30_3.jpg;https://tcc-catalog-images.s3.us-east-2.amazonaws.com/30_4.jpg;These platform will be used in shaft only and usually will be jumped from flor to flor without unloading them from the building. Unlike the perimeter scaffold this platform will not have railings;https://en.wikipedia.org/wiki/Scaffolding	
32;Formwork;Lumber Board;https://tcc-catalog-images.s3.us-east-2.amazonaws.com/32_1.jpg;https://tcc-catalog-images.s3.us-east-2.amazonaws.com/32_2.jpg;https://tcc-catalog-images.s3.us-east-2.amazonaws.com/32_3.JPG;https://tcc-catalog-images.s3.us-east-2.amazonaws.com/32_4.jpg;Lumber boards are used to support wall/column formwork. They are loaded onto floor after concrete slab is already poured. Look on the industry reference #1. Pay attention that historically operators had a kind of confusion between Lumber Boards and Wood Beams in general due to color and way of packaging. Suggested to look around area where object is loaded and decide what is the purposed of the object based on its industry reference.;https://en.wikipedia.org/wiki/Lumber	
33;Formwork;Wood Beam;https://tcc-catalog-images.s3.us-east-2.amazonaws.com/33_1.jpg;https://tcc-catalog-images.s3.us-east-2.amazonaws.com/33_2.jpg;https://tcc-catalog-images.s3.us-east-2.amazonaws.com/33_3.JPG;https://tcc-catalog-images.s3.us-east-2.amazonaws.com/33_4.jpg;Wood beams are used to build guardrails during slab formwork install. They are loaded along with plywood. See image on industry standard #1. Pay attention that historically operators had a kind of confusion between Lumber Boards and Wood Beams in general due to color and way of packaging. Suggested to look around area where object is loaded and decide what is the purposed of the object based on its industry reference.;https://www.doka.com/en/system-groups/doka-system-components/timber-formwork-beams/index	
36;Scaffolding;Tower Scaffolding;https://tcc-catalog-images.s3.us-east-2.amazonaws.com/36_1.jpg;https://tcc-catalog-images.s3.us-east-2.amazonaws.com/36_2.jpg;https://tcc-catalog-images.s3.us-east-2.amazonaws.com/36_3.png;https://tcc-catalog-images.s3.us-east-2.amazonaws.com/36_4.jpg;The tower scaffold is a standalone scaffold which will be made with steel frame stack on top of each other. This scaffold usually use as a temporary support and not as a working platform.;https://en.wikipedia.org/wiki/Scaffolding	
37;Scaffolding;Scaffolding Accessory;https://tcc-catalog-images.s3.us-east-2.amazonaws.com/37_1.jpg;null;https://tcc-catalog-images.s3.us-east-2.amazonaws.com/37_3.jpg;https://tcc-catalog-images.s3.us-east-2.amazonaws.com/37_4.jpg;Scaffolding and formwork accessories might look the same. Tag according to context;null	
38;Reinforcement;Rebend Connection (HBT);https://tcc-catalog-images.s3.us-east-2.amazonaws.com/38_1.jpg;https://tcc-catalog-images.s3.us-east-2.amazonaws.com/38_2.jpg;https://tcc-catalog-images.s3.us-east-2.amazonaws.com/38_3.jpg;https://tcc-catalog-images.s3.us-east-2.amazonaws.com/38_4.jpg;When packed they are flat and usually coverd with cardboard. https://youtu.be/jxAtGUnLaPo;https://www.halfen.com/us/2766/product-ranges/construction/reinforcement-systems/hbt-rebend-connections/introduction/
39;Formwork;Shoring Post;https://tcc-catalog-images.s3.us-east-2.amazonaws.com/39_1.jpg;https://tcc-catalog-images.s3.us-east-2.amazonaws.com/39_2.jpg;https://tcc-catalog-images.s3.us-east-2.amazonaws.com/39_3.jpg;https://tcc-catalog-images.s3.us-east-2.amazonaws.com/39_4.jpg;The shoring legs will always have some kind of base plate and top connector. Don  be confused with steel scaffold parts which are usually thinner.;https://www.peri.com/en/products/scaffolding/shoring/pep-ergo-tubular-steel-slab-props.html	
40;Casting Equipment;Concrete Bucket;https://tcc-catalog-images.s3.us-east-2.amazonaws.com/40_1.png;https://tcc-catalog-images.s3.us-east-2.amazonaws.com/40_2.jpg;https://tcc-catalog-images.s3.us-east-2.amazonaws.com/40_3.jpg;https://tcc-catalog-images.s3.us-east-2.amazonaws.com/40_4.jpg;Only empty bucket should be tagged as concrete bucket. if the bucket is full then the load type should be concrete;https://www.constructioncomplete.com/masonry-equipment/concrete-buckets.html	
41;Formwork;Slab Formwork;;;https://tcc-catalog-images.s3.us-east-2.amazonaws.com/41_3.jpg;https://tcc-catalog-images.s3.us-east-2.amazonaws.com/41_4.jpg;Slab formwork are commercial panels that work together with the shoring legs and the aluminum joists to create an industrialized formwork system. The panels are usually made with aluminum frame and plywood top. Do not mix with regular plywood which is raw material ;https://www.peri.com/en/products/formwork/slab-formwork/skydeck-slab-formwork.html	
42;Formwork;Formwork Accessory;https://tcc-catalog-images.s3.us-east-2.amazonaws.com/42_1.jpg;https://tcc-catalog-images.s3.us-east-2.amazonaws.com/42_2.jpg;https://tcc-catalog-images.s3.us-east-2.amazonaws.com/42_3.jpg;https://tcc-catalog-images.s3.us-east-2.amazonaws.com/42_4.jpg;scaffolding and formwork accessories might look the same. Tag according to context;	
44;Precast Elements;Hollow Core Slab;null;null;https://tcc-catalog-images.s3.us-east-2.amazonaws.com/44_3.gif;https://tcc-catalog-images.s3.us-east-2.amazonaws.com/44_4.jpg;;null	
45;Safety Equipment;Protection Screen;https://tcc-catalog-images.s3.us-east-2.amazonaws.com/45_1.jpg;https://tcc-catalog-images.s3.us-east-2.amazonaws.com/45_2.jpg;https://tcc-catalog-images.s3.us-east-2.amazonaws.com/45_3.jpg;https://tcc-catalog-images.s3.us-east-2.amazonaws.com/45_4.jpg;The loads might include the entire system or parts of it;	
48;MEP;Plastic Pipe;https://tcc-catalog-images.s3.us-east-2.amazonaws.com/48_1.jpg;https://tcc-catalog-images.s3.us-east-2.amazonaws.com/48_2.jpg;https://tcc-catalog-images.s3.us-east-2.amazonaws.com/48_3.jpg;https://tcc-catalog-images.s3.us-east-2.amazonaws.com/48_4.jpg;;null	
49;Drywalls;Gypsum Board;https://tcc-catalog-images.s3.us-east-2.amazonaws.com/49_1.jpg;https://tcc-catalog-images.s3.us-east-2.amazonaws.com/49_2.jpg;https://tcc-catalog-images.s3.us-east-2.amazonaws.com/49_3.jpg;https://tcc-catalog-images.s3.us-east-2.amazonaws.com/49_4.jpg;;null	
50;Bricks & Blocks;Gypsum Block;https://tcc-catalog-images.s3.us-east-2.amazonaws.com/50_1.jpg;https://tcc-catalog-images.s3.us-east-2.amazonaws.com/50_2.JPG;https://tcc-catalog-images.s3.us-east-2.amazonaws.com/50_3.jpg;https://tcc-catalog-images.s3.us-east-2.amazonaws.com/50_4.jpg;Mostly can be identified by the small round holes on one side bat these holes not facing up in all packages. Sometimes are covered by red color nylon.;null	
51;Cast-in-place Peripherals;Plastic Spacer;null;null;https://tcc-catalog-images.s3.us-east-2.amazonaws.com/51_3.jpg;https://tcc-catalog-images.s3.us-east-2.amazonaws.com/51_4.jpg;Usually the spacers will be packed in plastic bags. The sizes a very betewwn 3 cm and 15 cm for each spacer. The bags contains many spacers;null	
52;Bricks & Blocks;Terracotta Brick;;;https://tcc-catalog-images.s3.us-east-2.amazonaws.com/52_3.jpg;https://tcc-catalog-images.s3.us-east-2.amazonaws.com/52_4.jpg;Distinct brown color;	
54;Prestressed Concrete;Prestressing Tendons;https://tcc-catalog-images.s3.us-east-2.amazonaws.com/54_1.jpg;https://tcc-catalog-images.s3.us-east-2.amazonaws.com/54_2.jpg;https://tcc-catalog-images.s3.us-east-2.amazonaws.com/54_3.jpg;https://tcc-catalog-images.s3.us-east-2.amazonaws.com/54_4.jpg;Don  mix with electrical conduits. The tendons have black tip at the end and the package diameter is bigger;https://en.wikipedia.org/wiki/Prestressed_concrete	
56;Operational Equipment;Water Jerry Can;;;https://tcc-catalog-images.s3.us-east-2.amazonaws.com/56_3.jpg;https://tcc-catalog-images.s3.us-east-2.amazonaws.com/56_4.jpg;;	
57;Operational Equipment;Generator;https://tcc-catalog-images.s3.us-east-2.amazonaws.com/57_1.jpg;null;https://tcc-catalog-images.s3.us-east-2.amazonaws.com/57_3.jpg;https://tcc-catalog-images.s3.us-east-2.amazonaws.com/57_4.png;Very similar to compressor and welding machine;null	
58;Insulation and Isolation Materials;Polystyrene;;;https://tcc-catalog-images.s3.us-east-2.amazonaws.com/58_3.jpg;https://tcc-catalog-images.s3.us-east-2.amazonaws.com/58_4.jpg;May come in different shapes and sizes;	
59;Containers;Empty container;https://tcc-catalog-images.s3.us-east-2.amazonaws.com/59_1.png;https://tcc-catalog-images.s3.us-east-2.amazonaws.com/59_2.jpg;https://tcc-catalog-images.s3.us-east-2.amazonaws.com/59_3.jpg;https://tcc-catalog-images.s3.us-east-2.amazonaws.com/59_4.jpg;Only empty empty container should be tagged as large/small container. if the container is full then it should be tagged with the actual load;null	
60;Cast-in-place Peripherals;Slab Spacer (Plastic);https://tcc-catalog-images.s3.us-east-2.amazonaws.com/60_1.jpg;https://tcc-catalog-images.s3.us-east-2.amazonaws.com/60_2.jpg;https://tcc-catalog-images.s3.us-east-2.amazonaws.com/60_3.jpg;https://tcc-catalog-images.s3.us-east-2.amazonaws.com/60_4.jpg;;	
61;Crane Parts;Climbing Unit;null;null;null;null;;null	
62;Operational Equipment;Fan;;;https://tcc-catalog-images.s3.us-east-2.amazonaws.com/62_3.jpg;https://tcc-catalog-images.s3.us-east-2.amazonaws.com/62_4.jpg;;	
63;Structural Steel Elements;Steel Beam;null;null;https://tcc-catalog-images.s3.us-east-2.amazonaws.com/63_3.jpg;https://tcc-catalog-images.s3.us-east-2.amazonaws.com/63_4.jpg;Steel beams and columns looks the same. The beams are installed horizontally and the columns vertically;null	
65;Structural Steel Elements;Steel Base Column;https://tcc-catalog-images.s3.us-east-2.amazonaws.com/65_1.jpg;https://tcc-catalog-images.s3.us-east-2.amazonaws.com/65_2.jpg;https://tcc-catalog-images.s3.us-east-2.amazonaws.com/65_3.jpg;https://tcc-catalog-images.s3.us-east-2.amazonaws.com/65_4.jpg;The base column will have a large steel plate at the bottom;null	
66;Structural Steel Elements;Steel Column;null;null;https://tcc-catalog-images.s3.us-east-2.amazonaws.com/66_3.jpg;https://tcc-catalog-images.s3.us-east-2.amazonaws.com/66_4.jpg;Steel beams and columns looks the same. The beams are installed horizontally and the columns vertically;null	
67;Structural Steel Elements;Steel Metal Deck;https://tcc-catalog-images.s3.us-east-2.amazonaws.com/67_1.jpg;https://tcc-catalog-images.s3.us-east-2.amazonaws.com/67_2.jpg;https://tcc-catalog-images.s3.us-east-2.amazonaws.com/67_3.png;https://tcc-catalog-images.s3.us-east-2.amazonaws.com/67_4.jpg;;	
68;Reinforcement;Bent Curtain / Mat;null;https://tcc-catalog-images.s3.us-east-2.amazonaws.com/68_2.jpg;https://tcc-catalog-images.s3.us-east-2.amazonaws.com/68_3.jpg;https://tcc-catalog-images.s3.us-east-2.amazonaws.com/68_4.jpg;;https://en.wikipedia.org/wiki/Welded_wire_mesh	
69;Scaffolding;Steel Scaffolding;;;https://tcc-catalog-images.s3.us-east-2.amazonaws.com/69_3.jpg;https://tcc-catalog-images.s3.us-east-2.amazonaws.com/69_4.jpg;This type of load will be comprised with shoring legs (don  be confused with formwork shoring legs which are bigger) and platforms which are usually made from wood or aluminum. the steel scaffold are usually attached to the structure  and serve as a working platform, were the tower scaffold is a standalone equipment.;https://en.wikipedia.org/wiki/Scaffolding	
70;Reinforcement;Rebar Cage;https://tcc-catalog-images.s3.us-east-2.amazonaws.com/70_1.jpg;https://tcc-catalog-images.s3.us-east-2.amazonaws.com/70_2.jpg;https://tcc-catalog-images.s3.us-east-2.amazonaws.com/70_3.jpg;https://tcc-catalog-images.s3.us-east-2.amazonaws.com/70_4.jpg;All volumatric shape reinforcement should be tagged as cages. it can also be round shapes;	
72;Crane Parts;Crane Section;null;null;https://tcc-catalog-images.s3.us-east-2.amazonaws.com/72_3.jpg;https://tcc-catalog-images.s3.us-east-2.amazonaws.com/72_4.jpg;;https://www.cranecrews.com/crane-blog/tower-crane-anatomy	
73;Precast Elements;Precast Column;https://tcc-catalog-images.s3.us-east-2.amazonaws.com/73_1.jpg;https://tcc-catalog-images.s3.us-east-2.amazonaws.com/73_2.jpg;https://tcc-catalog-images.s3.us-east-2.amazonaws.com/73_3.jpg;https://tcc-catalog-images.s3.us-east-2.amazonaws.com/73_4.jpg;Precast columns and beam might look the same on the ground but columns will be install vertically while beams will be install horizontally;null	
74;Precast Elements;Precast Wall;https://tcc-catalog-images.s3.us-east-2.amazonaws.com/74_1.jpg;https://tcc-catalog-images.s3.us-east-2.amazonaws.com/74_2.jpg;https://tcc-catalog-images.s3.us-east-2.amazonaws.com/74_3.jpg;https://tcc-catalog-images.s3.us-east-2.amazonaws.com/74_4.jpg;;null	
79;Raw Materials;Mortar Sand;https://tcc-catalog-images.s3.us-east-2.amazonaws.com/79_1.jpg;null;https://tcc-catalog-images.s3.us-east-2.amazonaws.com/79_3.jpg;https://tcc-catalog-images.s3.us-east-2.amazonaws.com/79_4.jpg;Sand is usually yellow and Soil/Earth is brown. Sand is usually used as substrate for tiling and soil/earth are for landscaping and gardens.;null	
81;Bricks & Blocks;Concrete Block;https://tcc-catalog-images.s3.us-east-2.amazonaws.com/81_1.jpg;https://tcc-catalog-images.s3.us-east-2.amazonaws.com/81_2.jpg;https://tcc-catalog-images.s3.us-east-2.amazonaws.com/81_3.jpg;https://tcc-catalog-images.s3.us-east-2.amazonaws.com/81_4.jpg;Mostly will be identify by the holes in the block (varies from 2 to 5);	
82;General;Unknown;null;null;null;null;;null	
83;Reinforcement;Bent Rebar;https://tcc-catalog-images.s3.us-east-2.amazonaws.com/83_1.jpg;https://tcc-catalog-images.s3.us-east-2.amazonaws.com/83_2.jpg;https://tcc-catalog-images.s3.us-east-2.amazonaws.com/83_3.jpg;https://tcc-catalog-images.s3.us-east-2.amazonaws.com/83_4.jpg;Closed loop rebars should be tagged as stirrups. All other shapes are bended rebars;https://en.wikipedia.org/wiki/Rebar	
84;Casting Equipment;Concrete Pump Hose;https://tcc-catalog-images.s3.us-east-2.amazonaws.com/84_1.png;https://tcc-catalog-images.s3.us-east-2.amazonaws.com/84_2.png;https://tcc-catalog-images.s3.us-east-2.amazonaws.com/84_3.png;https://tcc-catalog-images.s3.us-east-2.amazonaws.com/84_4.jpg;;https://en.wikipedia.org/wiki/Concrete_pump	
86;Operational Equipment;Lighting System;https://tcc-catalog-images.s3.us-east-2.amazonaws.com/86_1.jpg;;https://tcc-catalog-images.s3.us-east-2.amazonaws.com/86_3.jpg;https://tcc-catalog-images.s3.us-east-2.amazonaws.com/86_4.jpg;;	
87;Operational Equipment;Water Tank;null;null;https://tcc-catalog-images.s3.us-east-2.amazonaws.com/87_3.jpg;https://tcc-catalog-images.s3.us-east-2.amazonaws.com/87_4.jpg;Do not confuse with portable toilets;null	
88;External Cladding;Natural Stone;https://tcc-catalog-images.s3.us-east-2.amazonaws.com/88_1.jpg;https://tcc-catalog-images.s3.us-east-2.amazonaws.com/88_2.jpg;https://tcc-catalog-images.s3.us-east-2.amazonaws.com/88_3.jpg;https://tcc-catalog-images.s3.us-east-2.amazonaws.com/88_4.jpg;;	
89;Casting Equipment;Concrete Finisher;https://tcc-catalog-images.s3.us-east-2.amazonaws.com/89_1.jpg;https://tcc-catalog-images.s3.us-east-2.amazonaws.com/89_2.png;https://tcc-catalog-images.s3.us-east-2.amazonaws.com/89_3.jpg;https://tcc-catalog-images.s3.us-east-2.amazonaws.com/89_4.jpg;In project Uranus, the concrete finisher was previously tagged as general equipment or unknown. Retroactively tag these cycles as concrete finisher;https://en.wikipedia.org/wiki/Concrete_finisher	
92;Operational Equipment;Concrete Mixer;https://tcc-catalog-images.s3.us-east-2.amazonaws.com/92_1.png;null;https://tcc-catalog-images.s3.us-east-2.amazonaws.com/92_3.png;https://tcc-catalog-images.s3.us-east-2.amazonaws.com/92_4.jpg;;https://en.wikipedia.org/wiki/Concrete_mixer	
93;Operational Equipment;Welding Machine;https://tcc-catalog-images.s3.us-east-2.amazonaws.com/93_.png_.png_1.jpg;https://tcc-catalog-images.s3.us-east-2.amazonaws.com/93_.png_.png_2.jpg;https://tcc-catalog-images.s3.us-east-2.amazonaws.com/93_.png_.png_3.jpg;https://tcc-catalog-images.s3.us-east-2.amazonaws.com/93_.png_.png_4.jpg;Might be very similar to air compressor and generator;null	
94;Precast Elements;Precast Cross Beam;null;null;https://tcc-catalog-images.s3.us-east-2.amazonaws.com/94_3.jpg;https://tcc-catalog-images.s3.us-east-2.amazonaws.com/94_4.jpg;Precast columns and beam might look the same on the ground but columns will be install vertically while beams will be install horizontally;null	
95;Precast Elements;Precast Double Tee;null;null;https://tcc-catalog-images.s3.us-east-2.amazonaws.com/95_3.jpg;https://tcc-catalog-images.s3.us-east-2.amazonaws.com/95_4.jpg;;null	
96;Precast Elements;Precast Shaft;https://tcc-catalog-images.s3.us-east-2.amazonaws.com/96_1.jpg;https://tcc-catalog-images.s3.us-east-2.amazonaws.com/96_2.jpg;https://tcc-catalog-images.s3.us-east-2.amazonaws.com/96_3.jpg;null;;null	
100;Lifting Accessories;Loading Chain;https://tcc-catalog-images.s3.us-east-2.amazonaws.com/100_1.jpg;https://tcc-catalog-images.s3.us-east-2.amazonaws.com/100_2.jpg;https://tcc-catalog-images.s3.us-east-2.amazonaws.com/100_3.jpg;https://tcc-catalog-images.s3.us-east-2.amazonaws.com/100_4.jpg;;	
101;General Finishing Materials;Door Frame;https://tcc-catalog-images.s3.us-east-2.amazonaws.com/101_1.jpg;https://tcc-catalog-images.s3.us-east-2.amazonaws.com/101_2.jpg;https://tcc-catalog-images.s3.us-east-2.amazonaws.com/101_3.jpg;https://tcc-catalog-images.s3.us-east-2.amazonaws.com/101_4.jpg;;null	
102;Operational Equipment;Portable Toilet;https://tcc-catalog-images.s3.us-east-2.amazonaws.com/102_1.jpg;https://tcc-catalog-images.s3.us-east-2.amazonaws.com/102_2.jpg;https://tcc-catalog-images.s3.us-east-2.amazonaws.com/102_3.jpg;https://tcc-catalog-images.s3.us-east-2.amazonaws.com/102_4.jpg;Usually there is a small circle on the top (vent pipe). Don  confuse with water tank.;	
104;Lifting Accessories;Lifting Sling;https://tcc-catalog-images.s3.us-east-2.amazonaws.com/104_1.jpg;null;https://tcc-catalog-images.s3.us-east-2.amazonaws.com/104_3.jpg;null;;null	
106;Glazing;Window;https://tcc-catalog-images.s3.us-east-2.amazonaws.com/106_1.jpg;https://tcc-catalog-images.s3.us-east-2.amazonaws.com/106_2.jpg;https://tcc-catalog-images.s3.us-east-2.amazonaws.com/106_3.jpg;https://tcc-catalog-images.s3.us-east-2.amazonaws.com/106_4.jpg;;null	
110;Safety Equipment;Safety Railing;https://tcc-catalog-images.s3.us-east-2.amazonaws.com/110_1.jpg;https://tcc-catalog-images.s3.us-east-2.amazonaws.com/110_2.jpg;https://tcc-catalog-images.s3.us-east-2.amazonaws.com/110_3.jpg;https://tcc-catalog-images.s3.us-east-2.amazonaws.com/110_4.jpg;Might be in different colors;	
112;General Finishing Materials;Metal Shutter;https://tcc-catalog-images.s3.us-east-2.amazonaws.com/112_1.jpg;https://tcc-catalog-images.s3.us-east-2.amazonaws.com/112_2.jpg;https://tcc-catalog-images.s3.us-east-2.amazonaws.com/112_3.jpg;https://tcc-catalog-images.s3.us-east-2.amazonaws.com/112_4.jpg;;null	
113;Precast Elements;Spandrel;https://tcc-catalog-images.s3.us-east-2.amazonaws.com/113_1.jpg;null;https://tcc-catalog-images.s3.us-east-2.amazonaws.com/113_3.jpg;https://tcc-catalog-images.s3.us-east-2.amazonaws.com/113_4.jpg;;null	
114;Precast Elements;Precast Stairs;https://tcc-catalog-images.s3.us-east-2.amazonaws.com/114_1.jpg;https://tcc-catalog-images.s3.us-east-2.amazonaws.com/114_2.jpg;https://tcc-catalog-images.s3.us-east-2.amazonaws.com/114_3.jpg;https://tcc-catalog-images.s3.us-east-2.amazonaws.com/114_4.jpg;;null	
115;Formwork;Plywood;https://tcc-catalog-images.s3.us-east-2.amazonaws.com/115_1.jpg;https://tcc-catalog-images.s3.us-east-2.amazonaws.com/115_2.jpg;https://tcc-catalog-images.s3.us-east-2.amazonaws.com/115_3.png;https://tcc-catalog-images.s3.us-east-2.amazonaws.com/115_4.jpg;Flat wood sheet serve as slab formwork or wall formwork (in non-industrialized formwork system). Please note, in small houses the plywood can serve as an actual product (wall or ceiling) and not as equipment (formwork);	
117;Formwork;Aluminum Joist;https://tcc-catalog-images.s3.us-east-2.amazonaws.com/117_1.png;https://tcc-catalog-images.s3.us-east-2.amazonaws.com/117_2.png;https://tcc-catalog-images.s3.us-east-2.amazonaws.com/117_3.jpg;https://tcc-catalog-images.s3.us-east-2.amazonaws.com/117_4.jpg;;null	
119;Structural Steel Elements;Steel Embed;https://tcc-catalog-images.s3.us-east-2.amazonaws.com/119_1.jpg;https://tcc-catalog-images.s3.us-east-2.amazonaws.com/119_2.jpg;https://tcc-catalog-images.s3.us-east-2.amazonaws.com/119_3.jpg;https://tcc-catalog-images.s3.us-east-2.amazonaws.com/119_4.jpg;Both plate and spikes can be in different sizes;	
120;Reinforcement;Mixed Rebar;;;;;;	
221;MEP;Electrical Cable Tray;;;https://tcc-catalog-images.s3.us-east-2.amazonaws.com/221_3.jpg;https://tcc-catalog-images.s3.us-east-2.amazonaws.com/221_4.jpg;;	
230;General Finishing Materials;Adhesive Container;;;https://tcc-catalog-images.s3.us-east-2.amazonaws.com/230_3.jpg;https://tcc-catalog-images.s3.us-east-2.amazonaws.com/230_4.jpg;;	
231;MEP;HVAC Duct;null;null;https://tcc-catalog-images.s3.us-east-2.amazonaws.com/231_3.jpg;https://tcc-catalog-images.s3.us-east-2.amazonaws.com/231_4.jpg;Can be round or rectangle;null	
232;External Cladding;Aluminum Cladding;null;null;https://tcc-catalog-images.s3.us-east-2.amazonaws.com/232_3.jpg;https://tcc-catalog-images.s3.us-east-2.amazonaws.com/232_4.jpg;;null	
234;Glazing;Curtain Wall Panel;null;null;https://tcc-catalog-images.s3.us-east-2.amazonaws.com/234_3.jpg;https://tcc-catalog-images.s3.us-east-2.amazonaws.com/234_4.jpg;;null	
235;Structural Steel Elements;Steel Base Plate;;;https://tcc-catalog-images.s3.us-east-2.amazonaws.com/235_3.jpg;https://tcc-catalog-images.s3.us-east-2.amazonaws.com/235_4.jpg;;	
236;Raw Materials;Aggregate;null;null;https://tcc-catalog-images.s3.us-east-2.amazonaws.com/236_3.jpg;https://tcc-catalog-images.s3.us-east-2.amazonaws.com/236_4.jpg;;null	
237;Concrete;Cement/Grout Bag;null;null;https://tcc-catalog-images.s3.us-east-2.amazonaws.com/237_3.jpg;https://tcc-catalog-images.s3.us-east-2.amazonaws.com/237_4.jpg;Usually the package is brown paper bags;null	
238;Containers;Large Container;;;https://tcc-catalog-images.s3.us-east-2.amazonaws.com/238_3.jpg;https://tcc-catalog-images.s3.us-east-2.amazonaws.com/238_4.jpg;Only empty empty container should be tagged as large/small container. if the container is full then it should be tagged with the actual load;	
239;Formwork;Column Formwork;https://tcc-catalog-images.s3.us-east-2.amazonaws.com/239_1.jpg;https://tcc-catalog-images.s3.us-east-2.amazonaws.com/239_2.jpg;https://tcc-catalog-images.s3.us-east-2.amazonaws.com/239_3.png;https://tcc-catalog-images.s3.us-east-2.amazonaws.com/239_4.png;Columns formworks can also be round. Don	t mix-up between columns formwork and formwork box. formwork boxes are much bigger. they are related to walls and serve as internal formwork where columns forworks are external (cover the object from outside);
240;Crane Parts;Tie-in;;;https://tcc-catalog-images.s3.us-east-2.amazonaws.com/240_3.jpg;https://tcc-catalog-images.s3.us-east-2.amazonaws.com/240_4.jpg;The tie-in might be rectangle or round;https://www.cranecrews.com/crane-blog/tower-crane-anatomy	
241;Lifting Accessories;Big Bag;https://tcc-catalog-images.s3.us-east-2.amazonaws.com/241_1.jpg;https://tcc-catalog-images.s3.us-east-2.amazonaws.com/241_2.jpg;https://tcc-catalog-images.s3.us-east-2.amazonaws.com/241_3.jpg;https://tcc-catalog-images.s3.us-east-2.amazonaws.com/241_4.jpg;This load type represent an empty big bag. If a big bag if full the actual load should be tagged;	
242;Lifting Accessories;Lift Beam;https://tcc-catalog-images.s3.us-east-2.amazonaws.com/242_1.jpg;null;https://tcc-catalog-images.s3.us-east-2.amazonaws.com/242_3.jpg;https://tcc-catalog-images.s3.us-east-2.amazonaws.com/242_4.jpg;;null	
243;Operational Equipment;Air Compressor;https://tcc-catalog-images.s3.us-east-2.amazonaws.com/243_1.png;;https://tcc-catalog-images.s3.us-east-2.amazonaws.com/243_3.jpg;https://tcc-catalog-images.s3.us-east-2.amazonaws.com/243_4.jpg;Might be very similar to welding machine and generator.In project Uranus, cycles with air compressor were incorrectly tagged as generator. Retroactively tag these cycles as load type air compressor.;	
244;External Cladding;Industrialized Cladding;null;null;https://tcc-catalog-images.s3.us-east-2.amazonaws.com/244_3.jpg;https://tcc-catalog-images.s3.us-east-2.amazonaws.com/244_4.jpg;;null	
245;Formwork;Climbing Formwork System;;;;;;	
246;MEP;Sleeve;null;null;https://tcc-catalog-images.s3.us-east-2.amazonaws.com/246_3.jpg;https://tcc-catalog-images.s3.us-east-2.amazonaws.com/246_4.jpg;;null	
247;Glazing;Window Frame;https://tcc-catalog-images.s3.us-east-2.amazonaws.com/247_1.jpg;https://tcc-catalog-images.s3.us-east-2.amazonaws.com/247_2.jpg;https://tcc-catalog-images.s3.us-east-2.amazonaws.com/247_3.jpg;https://tcc-catalog-images.s3.us-east-2.amazonaws.com/247_4.jpg;;null	
249;Containers;Toolbox;https://tcc-catalog-images.s3.us-east-2.amazonaws.com/249_1.jpg;https://tcc-catalog-images.s3.us-east-2.amazonaws.com/249_2.JPG;https://tcc-catalog-images.s3.us-east-2.amazonaws.com/249_3.jpg;https://tcc-catalog-images.s3.us-east-2.amazonaws.com/249_4.jpg;;null	
251;Safety Equipment;Rebar Safety Cap;null;null;https://tcc-catalog-images.s3.us-east-2.amazonaws.com/251_3.jpg;null;;null	
252;Casting Equipment;Concrete Pump Boom;https://tcc-catalog-images.s3.us-east-2.amazonaws.com/252_1.jpg;null;null;null;;null	
253;Crane Parts;Elevator Hoist Component;https://tcc-catalog-images.s3.us-east-2.amazonaws.com/253_1.jpg;null;null;null;;null	
254;Lifting Accessories;Rigging Accessory;https://tcc-catalog-images.s3.us-east-2.amazonaws.com/254_1.jpg;null;null;null;;null	
255;No Cycle;No Object;null;null;null;null;No Object has to be assigned only when specific processes are in mentioned such idle, off-shift, known shift-break, etc.;null	
257;Safety Equipment;Safety Railing Post;https://tcc-catalog-images.s3.us-east-2.amazonaws.com/257_1.png;https://tcc-catalog-images.s3.us-east-2.amazonaws.com/257_2.JPG;https://tcc-catalog-images.s3.us-east-2.amazonaws.com/257_3.jpeg;https://tcc-catalog-images.s3.us-east-2.amazonaws.com/257_4.JPG;Looks similar to shoring posts. Will be loaded onto the deck formwork/plywood, unlike shoring posts which are loaded onto finished concrete deck. Rail barrier with lift-out rails connect to build safety barriers and guard rails.;null	
258;Lifting Accessories;Loading Cable;https://tcc-catalog-images.s3.us-east-2.amazonaws.com/258_1.JPG;null;https://tcc-catalog-images.s3.us-east-2.amazonaws.com/258_3.JPG;https://tcc-catalog-images.s3.us-east-2.amazonaws.com/258_4.JPG;Available in standard lengths of 1,2,3,4,5,6,7,8,9,10 meters.;null	
259;Operational Equipment;Construction Ladder;https://tcc-catalog-images.s3.us-east-2.amazonaws.com/259_1.JPG;null;https://tcc-catalog-images.s3.us-east-2.amazonaws.com/259_3.JPG;null;Single step ladder for industrial and household use;null	
260;Operational Equipment;Scissor Lift;null;null;https://tcc-catalog-images.s3.us-east-2.amazonaws.com/260_3.jpg;null;Equipment used to help worker reach higher area;null	
261;General;External Hoist Panel;https://tcc-catalog-images.s3.us-east-2.amazonaws.com/261_1.png;null;https://tcc-catalog-images.s3.us-east-2.amazonaws.com/261_2.jpg;null;Wall panel for the elevator hoist lift. Should be uninstalled at the end of the project.;null	
262;Mass Timber;Mass Timber Column;null;null;https://tcc-catalog-images.s3.us-east-2.amazonaws.com/262_3.jpg;https://tcc-catalog-images.s3.us-east-2.amazonaws.com/263_4.jpg;Engineered wood column - difference between glulam beam and glulam column is: beams are very deep and columns are square.;null	
263;Mass Timber;Mass Timber Beam;null;null;https://tcc-catalog-images.s3.us-east-2.amazonaws.com/263_3.jpeg;https://tcc-catalog-images.s3.us-east-2.amazonaws.com/263_4.jpg;"Engineered wood beam - much larger and heavier than typical wood beams.	
Difference between glulam beam and glulam column is: beams are very deep and columns are square.";null	
264;Mass Timber;Mass Timber Panel;null;null;https://tcc-catalog-images.s3.us-east-2.amazonaws.com/264_3.jpg;null;Engineered wood panel for floor or roof - very large, heavy and thick compared to plywood;null	
265;General Finishing Materials;Waterproofing Material;https://tcc-catalog-images.s3.us-east-2.amazonaws.com/265_1.jpg;https://tcc-catalog-images.s3.us-east-2.amazonaws.com/265_2.jpg;null;null;;null	
266;Symbols;Flag;https://tcc-catalog-images.s3.us-east-2.amazonaws.com/266_1.jpg;https://tcc-catalog-images.s3.us-east-2.amazonaws.com/266_1.jpg;null;null;Usually, customers use to attached to the hook visible symbols like flags,  logos, etc. It is a target object and has its activity along with the project. Due to this, the classification of this object is required.;null	
267;Operational Equipment;Telehandler;https://tcc-catalog-images.s3.us-east-2.amazonaws.com/267_1.jpg;https://tcc-catalog-images.s3.us-east-2.amazonaws.com/267_2.jpg;null;null;A telescopic handler, also called a telehandler, teleporter, reach forklift or boom lift is a machine widely used in agriculture and industry.;https://en.wikipedia.org/wiki/Telescopic_handler	
268;Structural Steel Elements;Misc Metals;https://tcc-catalog-images.s3.us-east-2.amazonaws.com/268_1.jpg;https://tcc-catalog-images.s3.us-east-2.amazonaws.com/268_2.jpg;null;null;Structural steel connectors, etc used to connect non-steel elements or for non-structural purposes;null	
269;MEP Components;MEP Unit;https://tcc-catalog-images.s3.us-east-2.amazonaws.com/269_1.jpg;https://tcc-catalog-images.s3.us-east-2.amazonaws.com/269_2.jpg;https://tcc-catalog-images.s3.us-east-2.amazonaws.com/269_3.jpg;null;Heating/Ventilation equipment that is placed on a rooftop. Sometimes the equipment and its enclosure are loaded separately.;null	
270;Light Gauge Steel;Metal Stud;https://tcc-catalog-images.s3.us-east-2.amazonaws.com/270_1.jpg;null;https://tcc-catalog-images.s3.us-east-2.amazonaws.com/270_3.jpeg;https://tcc-catalog-images.s3.us-east-2.amazonaws.com/270_4.jpg;Looks like aluminum joists but are typically shorter;null	
271;Structural Steel Elements;Metal Stair;https://tcc-catalog-images.s3.us-east-2.amazonaws.com/271_1.jpg;null;https://tcc-catalog-images.s3.us-east-2.amazonaws.com/271_3.jpg;null;Prefabricated steel stairs - handrail attached later, sometimes treads are filled with concrete;null	
272;General Finishing Materials;Waterproofing Accessories;https://tcc-catalog-images.s3.us-east-2.amazonaws.com/272_1.jpg;https://tcc-catalog-images.s3.us-east-2.amazonaws.com/272_2.jpg;https://tcc-catalog-images.s3.us-east-2.amazonaws.com/272_3.jpeg;null;Packed inside a box, but is loaded with waterproofing material;null	
273;Glazing;Glass Handler;https://tcc-catalog-images.s3.us-east-2.amazonaws.com/273_1.jpg;null;https://tcc-catalog-images.s3.us-east-2.amazonaws.com/273_4.jpeg;null;Suction cups to grip window surface;null	
274;Operational Equipment;Mobile Jib Boom;https://tcc-catalog-images.s3.us-east-2.amazonaws.com/274_1.jpg;null;https://tcc-catalog-images.s3.us-east-2.amazonaws.com/274_3.jpeg;null;;null	
275;Scaffolding;Mast Climber Scaffold;https://tcc-catalog-images.s3.us-east-2.amazonaws.com/275_1.jpg;null;https://tcc-catalog-images.s3.us-east-2.amazonaws.com/275_3.jpg;null;;null	
276;Safety Equipment;Fall Protection Anchor;https://tcc-catalog-images.s3.us-east-2.amazonaws.com/276_1.jpg;null;https://tcc-catalog-images.s3.us-east-2.amazonaws.com/276_3.jpg;null;Anchor point for workers to attach harness for fall protection;null	
277;Casting Equipment;Concrete Pump Mast;https://tcc-catalog-images.s3.us-east-2.amazonaws.com/277_1.jpg;null;https://tcc-catalog-images.s3.us-east-2.amazonaws.com/277_3.jpg;null;;null	
278;Operational Equipment;Forklift;https://tcc-catalog-images.s3.us-east-2.amazonaws.com/278_1.jpg;null;https://tcc-catalog-images.s3.us-east-2.amazonaws.com/278_3.jpg;https://tcc-catalog-images.s3.us-east-2.amazonaws.com/278_4.png;;null	
279;Operational Equipment;Excavator Bucket;https://tcc-catalog-images.s3.us-east-2.amazonaws.com/279_1.jpg;null;https://tcc-catalog-images.s3.us-east-2.amazonaws.com/279_3.jpg;null;;null	
280;Safety Equipment;Barricade;https://tcc-catalog-images.s3.us-east-2.amazonaws.com/280_1.jpg;null;https://tcc-catalog-images.s3.us-east-2.amazonaws.com/280_3.jpg;https://tcc-catalog-images.s3.us-east-2.amazonaws.com/280_4.jpg;;null	
281;General Finishing Materials;Hardware and Accessories;https://tcc-catalog-images.s3.us-east-2.amazonaws.com/281_1.jpg;null;null;null;;null	
282;Bricks & Blocks;Foam Block;https://tcc-catalog-images.s3.us-east-2.amazonaws.com/282_1.jpg;null;https://tcc-catalog-images.s3.us-east-2.amazonaws.com/282_3.jpg;null;;null	
283;Containers;Shipping Container;https://tcc-catalog-images.s3.us-east-2.amazonaws.com/283_1.jpg;null;https://tcc-catalog-images.s3.us-east-2.amazonaws.com/283_3.jpg;null;;null	
284;Operational Equipment;Water Pump;https://tcc-catalog-images.s3.us-east-2.amazonaws.com/284_1.jpg;null;https://tcc-catalog-images.s3.us-east-2.amazonaws.com/284_3.jpg;null;Used to pump water out of a construction site - look for water when this is used;null	
285;Crane Parts;Crane Parts Accessories;https://tcc-catalog-images.s3.us-east-2.amazonaws.com/285_1.jpg;null;null;null;;null	
286;MEP;Light Pole;https://tcc-catalog-images.s3.us-east-2.amazonaws.com/286_1.jpg;null;https://tcc-catalog-images.s3.us-east-2.amazonaws.com/286_3.jpg;null;;null	
287;Safety Equipment;Shoring Brace;https://tcc-catalog-images.s3.us-east-2.amazonaws.com/287_1.jpg;null;https://tcc-catalog-images.s3.us-east-2.amazonaws.com/287_3.png;https://tcc-catalog-images.s3.us-east-2.amazonaws.com/287_4.jpg;;null	
288;General Finishing Materials;Elevator Component;https://tcc-catalog-images.s3.us-east-2.amazonaws.com/288_1.jpg;https://tcc-catalog-images.s3.us-east-2.amazonaws.com/288_2.jpg;https://tcc-catalog-images.s3.us-east-2.amazonaws.com/288_3.jpeg;null;;null	
289;Operational Equipment;Table Saw;https://tcc-catalog-images.s3.us-east-2.amazonaws.com/289_1.jpg;null;https://tcc-catalog-images.s3.us-east-2.amazonaws.com/289_3.jpg;null;;null	
290;Operational Equipment;Drill Rig Component;https://tcc-catalog-images.s3.us-east-2.amazonaws.com/290_1.jpg;null;https://tcc-catalog-images.s3.us-east-2.amazonaws.com/290_3.jpg;https://tcc-catalog-images.s3.us-east-2.amazonaws.com/290_4.jpg;;null	
291;MEP;Large Pipe;https://tcc-catalog-images.s3.us-east-2.amazonaws.com/291_1.jpg;null;https://tcc-catalog-images.s3.us-east-2.amazonaws.com/291_3.jpg;null;;null	
292;Formwork;Beam Formwork;https://tcc-catalog-images.s3.us-east-2.amazonaws.com/292_1.jpg;https://tcc-catalog-images.s3.us-east-2.amazonaws.com/292_2.jpg;null;null;"The height of this element is very short. 	
Installed near a beam (above the floor) or around the edges of balconies (on the floor).";null	
293;Operational Equipment;Excavator;https://tcc-catalog-images.s3.us-east-2.amazonaws.com/293_1.jpg;null;https://tcc-catalog-images.s3.us-east-2.amazonaws.com/293_3.jpg;null;;null	
294;General;Unknown;null;null;null;null;Use this load type in case there is no image. The purpose is to separate unknown where there is an image and taggers cannot recognize the load type from the situation there is no image;null	
295;MEP;Plumbing Equipment;https://tcc-catalog-images.s3.us-east-2.amazonaws.com/295_1.jpg;null;https://tcc-catalog-images.s3.us-east-2.amazonaws.com/295_3.jfif;null;;null	
296;Formwork;Tunnel Form;null;null;https://tcc-catalog-images.s3.us-east-2.amazonaws.com/296_3.jpeg;https://tcc-catalog-images.s3.us-east-2.amazonaws.com/296_4.jpg;;null	
297;MEP;Pipe Fittings;https://tcc-catalog-images.s3.us-east-2.amazonaws.com/297_1.jpg;null;https://tcc-catalog-images.s3.us-east-2.amazonaws.com/297_3.jpg;https://tcc-catalog-images.s3.us-east-2.amazonaws.com/297_4.png;;null	
298;Operational Equipment;General Cables;null;null;null;null;;null	
299;Operational Equipment;Soil Shoring;https://tcc-catalog-images.s3.us-east-2.amazonaws.com/299_1.jpg;https://tcc-catalog-images.s3.us-east-2.amazonaws.com/299_2.jpg;https://tcc-catalog-images.s3.us-east-2.amazonaws.com/299_3.jpg;https://tcc-catalog-images.s3.us-east-2.amazonaws.com/299_4.jpg;;null	
300;Structural Steel Elements;Steel Grating;https://tcc-catalog-images.s3.us-east-2.amazonaws.com/300_1.jpg;https://tcc-catalog-images.s3.us-east-2.amazonaws.com/300_2.jpg;https://tcc-catalog-images.s3.us-east-2.amazonaws.com/300_3.jpg;https://tcc-catalog-images.s3.us-east-2.amazonaws.com/300_4.jpg;;null	
301;Operational Equipment;Roller;https://tcc-catalog-images.s3.us-east-2.amazonaws.com/301_1.jpg;https://tcc-catalog-images.s3.us-east-2.amazonaws.com/301_2.jpg;https://tcc-catalog-images.s3.us-east-2.amazonaws.com/301_3.jpg;https://tcc-catalog-images.s3.us-east-2.amazonaws.com/301_4.jpg;;null	
302;Scaffolding;Temporary Ramp;https://tcc-catalog-images.s3.us-east-2.amazonaws.com/302_1.jpg;https://tcc-catalog-images.s3.us-east-2.amazonaws.com/302_2.jpg;https://tcc-catalog-images.s3.us-east-2.amazonaws.com/302_3.jpg;https://tcc-catalog-images.s3.us-east-2.amazonaws.com/302_4.jpg;;null	
303;Operational Equipment;Truck Platform Trailer;https://tcc-catalog-images.s3.us-east-2.amazonaws.com/303_1.jpg;null;https://tcc-catalog-images.s3.us-east-2.amazonaws.com/303_3.jpg;https://tcc-catalog-images.s3.us-east-2.amazonaws.com/303_4.jpg;;null	
304;Operational Equipment;Aggregate Pump;https://tcc-catalog-images.s3.us-east-2.amazonaws.com/304_1.jpg;https://tcc-catalog-images.s3.us-east-2.amazonaws.com/304_2.jpg;https://tcc-catalog-images.s3.us-east-2.amazonaws.com/304_3.jpg;https://tcc-catalog-images.s3.us-east-2.amazonaws.com/304_4.jpg;;null	
305;MEP Components;Emergency Generator;https://tcc-catalog-images.s3.us-east-2.amazonaws.com/305_1.jpg;https://tcc-catalog-images.s3.us-east-2.amazonaws.com/305_2.jpg;https://tcc-catalog-images.s3.us-east-2.amazonaws.com/305_3.jpg;https://tcc-catalog-images.s3.us-east-2.amazonaws.com/305_4.jpg;This is a permanent equipment for the finished building. Please don't mix up with the generator under the operational equipment that is being used during construction;null	
306;Operational Equipment;General Tools;null;null;null;null;;null	
307;General;Covered/Packaged Load;null;null;null;null;Use this load type to tag any load that is covered or in a package that can not be identify;null	
308;Cast-in-place Peripherals;Cast-in-place general materials;null;null;null;null;;null	
309;Structural Steel Elements;Steel Truss/Joist;null;null;https://tcc-catalog-images.s3.us-east-2.amazonaws.com/309_3.jpg;https://tcc-catalog-images.s3.us-east-2.amazonaws.com/309_4.jpg;Steel truss made of thin steel rods;null	
310;Drywalls;Drywall Frame;https://tcc-catalog-images.s3.us-east-2.amazonaws.com/310_1.jpg;https://tcc-catalog-images.s3.us-east-2.amazonaws.com/310_2.jpg;https://tcc-catalog-images.s3.us-east-2.amazonaws.com/310_3.jpg;https://tcc-catalog-images.s3.us-east-2.amazonaws.com/310_4.jpg;;null	
311;Drywalls;Wood Board;https://tcc-catalog-images.s3.us-east-2.amazonaws.com/311_1.jpg;https://tcc-catalog-images.s3.us-east-2.amazonaws.com/311_2.jpg;https://tcc-catalog-images.s3.us-east-2.amazonaws.com/311_3.png;https://tcc-catalog-images.s3.us-east-2.amazonaws.com/311_4.jpg;;null	
312;Operational Equipment;Hydraulic Hammer;https://tcc-catalog-images.s3.us-east-2.amazonaws.com/312_1.jpg;null;https://tcc-catalog-images.s3.us-east-2.amazonaws.com/312_3.jpg;https://tcc-catalog-images.s3.us-east-2.amazonaws.com/312_4.jpg;;null	
313;MEP Components;HVAC Unit;https://tcc-catalog-images.s3.us-east-2.amazonaws.com/313_1.jpg;https://tcc-catalog-images.s3.us-east-2.amazonaws.com/313_2.jpg;https://tcc-catalog-images.s3.us-east-2.amazonaws.com/313_3.jpg;https://tcc-catalog-images.s3.us-east-2.amazonaws.com/313_4.jpg;;null	
314;General;Site Fence;https://tcc-catalog-images.s3.us-east-2.amazonaws.com/314_1.jpg;https://tcc-catalog-images.s3.us-east-2.amazonaws.com/314_2.jpg;https://tcc-catalog-images.s3.us-east-2.amazonaws.com/314_3.jpgc;https://tcc-catalog-images.s3.us-east-2.amazonaws.com/314_4.jpg;;null	
315;Structural Steel Elements;Steel Accessories;https://img.versatile.ai/he00252/2020/3/18/1584560699.jpg;null;null;null;;null	
316;Structural Steel Elements;Steel Pile;https://tcc-catalog-images.s3.us-east-2.amazonaws.com/316_1.png;null;https://tcc-catalog-images.s3.us-east-2.amazonaws.com/316_3.jpg;null;Piles installed to support soil excavations;null	
317;General;Night Weight;null;null;null;null;This load type is typical to specific luffer cranes. ate the end of each shift it will be linked to the crane for the entire night. In the morning it will be unlinked.;null	
318;Structural Steel Elements;Railing;null;null;null;null;;null	
319;Precast Elements;Precast Pipe;null;null;https://precast.org/wp-content/uploads/2014/08/pipe-5.jpg;null;;null	
320;Power Plant Load Types;HRSG;null;null;null;null;a load category which unite all Heat Recovery Steam Generator elements;null	
322;Crane Parts;Crane Mats;https://tcc-catalog-images.s3.us-east-2.amazonaws.com/322_1.jpg;null;https://tcc-catalog-images.s3.us-east-2.amazonaws.com/322_3.png;https://tcc-catalog-images.s3.us-east-2.amazonaws.com/322_4.jpg;"Crane Mats designed to provide ground stabilization under the weight of huge construction sites.	
it looks like a Plywood / long Wood Palet with an edge cut out.";null	
323;General;Human;null;null;https://tcc-catalog-images.s3.us-east-2.amazonaws.com/323_1.jpg;null;;null	
324;Casting Equipment;Concrete Pump;null;null;null;null;;null	
325;Precast Elements;Precast Slab;https://tcc-catalog-images.s3.us-east-2.amazonaws.com/325_1.png;https://tcc-catalog-images.s3.us-east-2.amazonaws.com/325_2.png;https://tcc-catalog-images.s3.us-east-2.amazonaws.com/325_3.jpg;https://tcc-catalog-images.s3.us-east-2.amazonaws.com/325_4.jpg;;null	
326;Offshore Rigs;Chemical Tank;null;null;null;null;;null	
327;Offshore Rigs;Storage Rack;null;null;null;null;null;null	
328;Offshore Rigs;Steel Tank;null;null;null;null;null;null	
329;Offshore Rigs;ISO Tank Containers;null;null;null;null;null;null	
330;Structural Steel Elements;Panel Assemblies;null;null;null;null;;null	
331;Crane Parts;Crane Counterweights;null;null;null;null;;null	
332;Crane Parts;General Crane Parts;null;null;null;null;;null	
333;Bricks & Blocks;Bricks & Blocks;null;null;null;null;;null	
334;Drywalls;Drywall;null;null;null;null;;null	
335;External Cladding;External Cladding;null;null;null;null;;null	
336;Formwork Accessories;Formwork Accessories;null;null;null;null;;null	
337;Formwork;Formwork;null;null;null;null;;null	
338;General Finishing Materials;General Finishing Materials;null;null;null;null;;null	
339;Glazing;Glazing;null;null;null;null;;null	
340;Insulation and Isolation Materials;Insulation and Isolation Materials;null;null;null;null;;null	
341;Landscaping Materials;Landscaping Materials;null;null;null;null;;null	
342;Light Gauge Steel;Light Gauge Steel;null;null;null;null;;null	
343;Mass Timber;Mass Timber;null;null;null;null;;null	
344;MEP;MEP;null;null;null;null;;null	
345;MEP Components;MEP Components;null;null;null;null;;null	
346;Operational Equipment;Operational Equipment;null;null;null;null;;null	
347;Precast Elements;Precast Elements;null;null;null;null;;null	
348;Scaffolding;Scaffolding;null;null;null;null;;null	
349;Structural Steel Elements;Structural Steel Elements;null;null;null;null;;null	
350;Prefabricated Elements;Prefabricated Panel;null;null;null;null;;null	
351;Prefabricated Elements;Prefabricated Balcony;null;null;null;null;;null	
352;Prefabricated Elements;Prefabricated Solar Panels;null;null;null;null;;null	
353;Prefabricated Elements;Prefabricated Kitchen Unit;null;null;null;null;;null	
354;Prefabricated Elements;Prefabricated Toilet Unit;null;null;null;null;;null	
355;Formwork;Pan;https://tcc-catalog-images.s3.us-east-2.amazonaws.com/355.jpg;https://tcc-catalog-images.s3.us-east-2.amazonaws.com/355_2.jpg;null;null;;null	
356;Lifting Accessories;Lifting Accessories;null;null;null;null;;null	
357;Offshore Rigs;Subsea Equipment;null;null;null;null;for offshore rigs projects only;null	
358;Lifting Accessories;Long Lifting Basket;null;null;null;null;for offshore rigs projects only;null	
359;General;General;null;null;null;null;null;null	
360;Reinforcement;Reinforcement;null;null;null;null;null;null	
362;Prefabricated Elements;Prefabricated Unit;null;null;null;null;null;null	
365;Gas and Oil industry;Skidpan;null;null;null;null;null;null	
366;Gas and Oil industry;Steel Plate;null;null;null;null;null;null	
367;Gas and Oil industry;Hoist;null;null;null;null;null;null	
368;Gas and Oil industry;Crane Component Main Block;null;null;null;null;null;null	
369;Gas and Oil industry;Material Basket;null;null;null;null;null;null	
370;Gas and Oil industry;Trolley/Chain Hoist;null;null;null;null;null;null	
371;Gas and Oil industry;Fresh Air Manifold;null;null;null;null;null;null	
372;Gas and Oil industry;Valves;null;null;null;null;null;null	
373;Gas and Oil industry;Expansion Joints;null;null;null;null;null;null	
374;Gas and Oil industry;Suction and Discharge Spools;null;null;null;null;null;null	
375;Gas and Oil industry;Super Sack;null;null;null;null;null;null	
376;Gas and Oil industry;Condenser Units;null;null;null;null;null;null	
377;Gas and Oil industry;Air Blower;null;null;null;null;null;null	
378;Gas and Oil industry;Blind;null;null;null;null;null;null	
379;Gas and Oil industry;Flange;null;null;null;null;null;null	
380;Gas and Oil industry;Shell Cover;null;null;null;null;null;null	
381;Gas and Oil industry;Regen Manway;null;null;null;null;null;null	
382;Gas and Oil industry;Hose;null;null;null;null;null;null	
383;Gas and Oil industry;Slide Valve Gates;null;null;null;null;null;null	
384;Gas and Oil industry;Slide Valve Actuator;null;null;null;null;null;null	
385;Gas and Oil industry;Gas Cylinder Rack;null;null;null;null;null;null	
386;Gas and Oil industry;Stand piping;null;null;null;null;null;null	
387;Gas and Oil industry;Material Handling;null;null;null;null;null;null	
388;Gas and Oil industry;Rigging Assemble for tower;null;null;null;null;null;null	
389;Gas and Oil industry;Tower Section;null;null;null;null;null;null	
390;Gas and Oil industry;Exchanger;null;null;null;null;null;null	
391;Gas and Oil industry;Control Valve;null;null;null;null;null;null	
392;Gas and Oil industry;Check Valve;null;null;null;null;null;null	
393;Gas and Oil industry;Piping;null;null;null;null;null;null	
394;Gas and Oil industry;Channel Box;null;null;null;null;null;null	
395;Gas and Oil industry;Pipe;null;null;null;null;null;null	
396;Gas and Oil industry;Install From Grade;null;null;null;null;null;null	
397;Gas and Oil industry;Hydro Pump;null;null;null;null;null;null	
398;Gas and Oil industry;Aerial Extractor;null;null;null;null;null;null	
399;Gas and Oil industry;Orifice Gate;null;null;null;null;null;null	
400;Gas and Oil industry;Butterfly Valve;null;null;null;null;null;null	
401;Gas and Oil industry;Cat Hooper;null;null;null;null;null;null	
402;Gas and Oil industry;Impact Tools;null;null;null;null;null;null	
403;Gas and Oil industry;Refractory Equipment;null;null;null;null;null;null	
404;Gas and Oil industry;Refractory Mixer;null;null;null;null;null;null	
405;Gas and Oil industry;Expansion Joint Material;null;null;null;null;null;null	
406;Gas and Oil industry;Thermal Coupling;null;null;null;null;null;null	
407;Gas and Oil industry;T-585 Old Can Section;null;null;null;null;null;null	
408;Gas and Oil industry;Reactor Support;null;null;null;null;null;null	
409;Gas and Oil industry;Cooling Pipping;null;null;null;null;null;null	
410;Gas and Oil industry;Tool Bag;null;null;null;null;null;null	
411;Structural Steel Elements;Structural Steel Assembly;null;null;null;null;null;null	